"id","chapter","complete_name","name","question"
"cybersecurity_clause_123_cff6204e","4_context","Understanding the organization and its context","4.1","Have you identified the internal and external issues that affect the ISMS?"
"cybersecurity_clause_124_af2443a4","4_context","Understanding the needs and expectations of interested parties","4.2","Have you identified the interested parties and their requirements?"
"cybersecurity_clause_125_02395ff7","4_context","Determining the scope of the ISMS","4.3","Have you defined the scope of the ISMS?"
"cybersecurity_clause_126_08af1a91","4_context","Information security management system","4.4","Do you have an Information Security Management System implemented?"
"cybersecurity_clause_127_ec3d1e8d","5_leadership","Leadership and commitment","5.1","Does top management demonstrate its commitment to the ISMS?"
"cybersecurity_clause_128_a3b36694","5_leadership","Information security policy","5.2","Do you have a current and communicated information security policy?"
"cybersecurity_clause_129_2f5abd1d","5_leadership","Roles, responsibilities and authorities","5.3","Have you defined the responsibilities and authorities of the ISMS?"
"cybersecurity_clause_130_3831005a","6_planning","Actions to address risks and opportunities","6.1","Do you manage the risks and opportunities of the ISMS?"
"cybersecurity_clause_131_7de76019","6_planning","Information security objectives and planning to achieve them","6.2","Have you established information security objectives?"
"cybersecurity_clause_133_57550522","7_support","Resources","7.1","Do you have the resources needed for the ISMS?"
"cybersecurity_clause_134_0fdb0e5a","7_support","Competence","7.2","Does the staff have the competences needed for their functions?"
"cybersecurity_clause_135_73f5f9d2","7_support","Awareness and training","7.3","Does the staff receive training and know their information security responsibilities and the implications of not meeting the ISMS requirements?"
"cybersecurity_clause_136_86cd5226","7_support","Communication","7.4","Do you manage the communications related to the ISMS?"
"cybersecurity_clause_137_b1d9ed7f","7_support","Documented information","7.5","Do you keep the documented information of the ISMS under control?"
"cybersecurity_clause_140_9dfe8373","8_operation","Operational planning and control","8.1","Do you plan, implement and control the operations of the ISMS?"
"cybersecurity_clause_141_18b81015","8_operation","Information security risk assessment","8.2","Do you carry out risk analysis periodically?"
"cybersecurity_clause_142_56a0db9b","8_operation","Risk treatment","8.3","Do you verify that the controls to treat the risks are effective?"
"cybersecurity_clause_147_661374fd","9_evaluation","Monitoring, measurement, analysis and evaluation","9.1","Do you monitor and measure the performance and effectiveness of the ISMS?"
"cybersecurity_clause_148_ed19016b","9_evaluation","Internal audit","9.2","Do you carry out internal audits of the ISMS?"
"cybersecurity_clause_149_e35738b1","9_evaluation","Management review","9.3","Does top management review the ISMS periodically?"
"cybersecurity_clause_151_87db943c","10_improvement","Nonconformities and corrective actions","10.1","Do you manage nonconformities through corrective actions?"
"cybersecurity_clause_153_8057cd51","10_improvement","Continual improvement","10.2","Do you promote the continual improvement of the ISMS?"
