"id","chapter","clause_id/id","complete_name","info","name","position_excel"
"cybersecurity_requirement_907_df709f9c","4_context","cybersecurity_clause_123_cff6204e","Determine the objectives of the Information Security Management System (ISMS).","","4.1.1","A15"
"cybersecurity_requirement_908_bdec52b5","4_context","cybersecurity_clause_123_cff6204e","Determine the internal and external issues related to information security.","","4.1.2","A16"
"cybersecurity_requirement_909_bdec52b5","4_context","cybersecurity_clause_123_cff6204e","Determine how internal and external issues can generate risks or threats to information security.","","4.1.3","A17"
"cybersecurity_requirement_909_3d35670f","4_context","cybersecurity_clause_124_af2443a4","Determine the interested parties relevant to the ISMS.","","4.2.1","A20"
"cybersecurity_requirement_910_36546791","4_context","cybersecurity_clause_124_af2443a4","Determine the information security requirements of the interested parties.","","4.2.2","A21"
"cybersecurity_requirement_911_81c33cff","4_context","cybersecurity_clause_124_af2443a4","Determine the legal, regulatory and contractual requirements applicable to information security.","","4.2.3","A22"
"cybersecurity_requirement_912_e311b92d","4_context","cybersecurity_clause_125_02395ff7","Determine the boundaries and applicability of the ISMS to establish its scope.","","4.3.1","A25"
"cybersecurity_requirement_913_8c4c52c6","4_context","cybersecurity_clause_125_02395ff7","Maintain the scope of the ISMS as documented information.","","4.3.2","A26"
"cybersecurity_requirement_917_52b3ae1a","4_context","cybersecurity_clause_126_08af1a91","Establish, implement, maintain and continually improve the ISMS.","","4.4.1","A29"
"cybersecurity_requirement_918_990eb2bf","4_context","cybersecurity_clause_126_08af1a91","Ensure the planned review of the ISMS considering opportunities for improvement.","","4.4.2","A30"
"cybersecurity_requirement_929_3435ac12","5_leadership","cybersecurity_clause_127_ec3d1e8d","Ensure that the ISMS objectives are consistent with the business objectives.","","5.1.1","A34"
"cybersecurity_requirement_930_529c1970","5_leadership","cybersecurity_clause_127_ec3d1e8d","Provide the resources needed for the effective operation of the ISMS.","","5.1.2","A35"
"cybersecurity_requirement_931_455e971f","5_leadership","cybersecurity_clause_127_ec3d1e8d","Review the effectiveness of the ISMS in a planned manner.","","5.1.3","A36"
"cybersecurity_requirement_944_7efe7882","5_leadership","cybersecurity_clause_128_a3b36694","Establish an information security policy.","","5.2.1","A39"
"cybersecurity_requirement_945_218576f8","5_leadership","cybersecurity_clause_128_a3b36694","Provide a framework for setting ISMS objectives.","","5.2.2","A40"
"cybersecurity_requirement_946_d9ab2e25","5_leadership","cybersecurity_clause_128_a3b36694","Communicate the policy to the relevant interested parties.","","5.2.3","A41"
"cybersecurity_requirement_947_0816f278","5_leadership","cybersecurity_clause_128_a3b36694","Maintain the policy as documented information.","","5.2.4","A42"
"cybersecurity_requirement_952_95c25113","5_leadership","cybersecurity_clause_129_2f5abd1d","Assign responsibilities and authorities related to information security.","","5.3.1","A45"
"cybersecurity_requirement_953_f9a14c96","5_leadership","cybersecurity_clause_129_2f5abd1d","Communicate those responsibilities within the organization.","","5.3.2","A46"
"cybersecurity_requirement_958_c9119d2f","6_planning","cybersecurity_clause_130_3831005a","Consider the expectations of interested parties in risk management.","","6.1.1","A50"
"cybersecurity_requirement_959_dd3f1637","6_planning","cybersecurity_clause_130_3831005a","Establish a method to identify, analyse and evaluate information security risks.","","6.1.2","A51"
"cybersecurity_requirement_960_b3b780a3","6_planning","cybersecurity_clause_130_3831005a","Define a process for risk treatment.","","6.1.3","A52"
"cybersecurity_requirement_961_05447b96","6_planning","cybersecurity_clause_130_3831005a","Establish criteria for preparing the statement of applicability (SoA).","","6.1.4","A53"
"cybersecurity_requirement_962_571e4d69","6_planning","cybersecurity_clause_130_3831005a","Maintain documented information on risk management.","","6.1.5","A54"
"cybersecurity_requirement_966_2b3d7ebe","6_planning","cybersecurity_clause_131_7de76019","Establish ISMS objectives consistent with the business.","","6.2.1","A57"
"cybersecurity_requirement_967_6d931b01","6_planning","cybersecurity_clause_131_7de76019","Ensure that the objectives are measurable.","","6.2.2","A58"
"cybersecurity_requirement_968_4f355818","6_planning","cybersecurity_clause_131_7de76019","Plan the objectives considering: Responsible persons, Deadlines, Evaluation methods","","6.2.3","A59"
"cybersecurity_requirement_969_c4be461d","6_planning","cybersecurity_clause_131_7de76019","Integrate the objectives into the organization's processes.","","6.2.4","A60"
"cybersecurity_requirement_984_e300091a","7_support","cybersecurity_clause_133_57550522","Determine and provide the resources needed for the ISMS.","","7.1.1","A64"
"cybersecurity_requirement_1001_19402d0d","7_support","cybersecurity_clause_134_0fdb0e5a","Determine the necessary competence of the personnel that affects information security.","","7.2.1","A67"
"cybersecurity_requirement_1002_585151e8","7_support","cybersecurity_clause_134_0fdb0e5a","Ensure and maintain the competence of the personnel.","","7.2.2","68"
"cybersecurity_requirement_1003_ccba7df5","7_support","cybersecurity_clause_134_0fdb0e5a","Maintain documented information as evidence.","","7.2.3","A69"
"cybersecurity_requirement_1005_eb08bbfc","7_support","cybersecurity_clause_135_73f5f9d2","Ensure that personnel are aware of their role in information security.","","7.3.1","A72"
"cybersecurity_requirement_1006_10446cb4","7_support","cybersecurity_clause_135_73f5f9d2","Ensure that personnel are aware of the risks and consequences of non-compliance.","","7.3.2","A73"
"cybersecurity_requirement_1009_52e55301","7_support","cybersecurity_clause_136_86cd5226","Determine the internal and external communications of the ISMS.","","7.4.1","A76"
"cybersecurity_requirement_1010_1bdee0e3","7_support","cybersecurity_clause_136_86cd5226","Establish mechanisms to report security incidents or weaknesses.","","7.4.2","A77"
"cybersecurity_requirement_1014_08dcc962","7_support","cybersecurity_clause_137_b1d9ed7f","Maintain the documentation required by the standard and the organization.","","7.5.1","A80"
"cybersecurity_requirement_1015_d3cc901b","7_support","cybersecurity_clause_137_b1d9ed7f","Include: policy, scope, processes and records of the ISMS.","","7.5.2","A81"
"cybersecurity_requirement_1016_67fe25a7","7_support","cybersecurity_clause_137_b1d9ed7f","Establish document controls for: Approval, review, distribution, storage","","7.5.3","82"
"cybersecurity_requirement_1017_c16cf68c","7_support","cybersecurity_clause_137_b1d9ed7f","Control documents of external origin.","","7.5.4","A83"
"cybersecurity_requirement_1027_d6028178","8_operation","cybersecurity_clause_140_9dfe8373","Plan and control the processes of the ISMS.","","8.1.1","A87"
"cybersecurity_requirement_1028_3ecf6328","8_operation","cybersecurity_clause_140_9dfe8373","Assess risks before making changes.","","8.1.2","A88"
"cybersecurity_requirement_1029_9628e55e","8_operation","cybersecurity_clause_140_9dfe8373","Implement controls to mitigate risks arising from changes.","","8.1.3","A89"
"cybersecurity_requirement_1030_14e826fe","8_operation","cybersecurity_clause_140_9dfe8373","Control outsourced processes.","","8.1.4","A90"
"cybersecurity_requirement_1038_5111499a","8_operation","cybersecurity_clause_141_18b81015","Establish a documented risk analysis process that considers: Risk owner, Impact, Likelihood","","8.2.1","A93"
"cybersecurity_requirement_1058_e4c2d116","8_operation","cybersecurity_clause_142_56a0db9b","Implement a risk treatment plan.","","8.3.1","A96"
"cybersecurity_requirement_1059_8820d844","8_operation","cybersecurity_clause_142_56a0db9b","Ensure approval by the risk owners.","","8.3.2","A97"
"cybersecurity_requirement_1060_5fe266f5","8_operation","cybersecurity_clause_142_56a0db9b","Document the applicable controls.","","8.3.3","A98"
"cybersecurity_requirement_1061_dc0ed607","8_operation","cybersecurity_clause_142_56a0db9b","Justify the selection of controls.","","8.3.4","A99"
"cybersecurity_requirement_1154_186bf315","9_evaluation","cybersecurity_clause_147_661374fd","Continuously monitor information security.","","9.1.1","A103"
"cybersecurity_requirement_1155_49c5cbaa","9_evaluation","cybersecurity_clause_147_661374fd","Evaluate results and ensure their use in decision-making.","","9.1.2","A104"
"cybersecurity_requirement_1156_bbec0b25","9_evaluation","cybersecurity_clause_147_661374fd","Maintain documented evidence.","","9.1.3","A105"
"cybersecurity_requirement_1170_87a69dae","9_evaluation","cybersecurity_clause_148_ed19016b","Establish an internal audit programme.","","9.2.1","A108"
"cybersecurity_requirement_1171_e5406aa9","9_evaluation","cybersecurity_clause_148_ed19016b","Define scope, criteria and responsible persons.","","9.2.2","A109"
"cybersecurity_requirement_1172_1331f24e","9_evaluation","cybersecurity_clause_148_ed19016b","Include corrective actions in the results.","","9.2.3","A110"
"cybersecurity_requirement_1180_0ae423ba","9_evaluation","cybersecurity_clause_149_e35738b1","Review the ISMS at planned intervals.","","9.3.1","A113"
"cybersecurity_requirement_1181_d7a52c4b","9_evaluation","cybersecurity_clause_149_e35738b1","Evaluate results, performance and opportunities for improvement.","","9.3.2","A114"
"cybersecurity_requirement_1182_509b6ab0","9_evaluation","cybersecurity_clause_149_e35738b1","Maintain documented evidence of the review.","","9.3.3","A115"
"cybersecurity_requirement_1191_2741e92a","10_improvement","cybersecurity_clause_151_87db943c","Establish a process to manage nonconformities.","","10.1.1","A119"
"cybersecurity_requirement_1192_2e505406","10_improvement","cybersecurity_clause_151_87db943c","Determine causes and apply corrective actions.","","10.1.2","A120"
"cybersecurity_requirement_1193_24ee017a","10_improvement","cybersecurity_clause_151_87db943c","Evaluate the effectiveness of the actions.","","10.1.3","A121"
"cybersecurity_requirement_1195_595e99ba","10_improvement","cybersecurity_clause_151_87db943c","Continually improve the effectiveness of the ISMS.","","10.2.1","A124"
"cybersecurity_requirement_1196_ae8a7a58","10_improvement","cybersecurity_clause_151_87db943c","Identify opportunities for improvement.","","10.2.2","A125"
